{"train/num_tokens":2.208e+06,"train_steps_per_second":1.562,"train/mean_token_accuracy":0.9160937234759331,"eval/samples_per_second":17.16,"eval/num_tokens":2.208e+06,"_step":27,"eval/mean_token_accuracy":0.9168764635920524,"train/global_step":2400,"eval/loss":0.1677510142326355,"train/epoch":3,"train/learning_rate":0.0005,"eval/runtime":23.3105,"train/grad_norm":0.2658745348453522,"_timestamp":1.778399451597184e+09,"train_loss":0.17311115582784017,"_runtime":1537,"eval/steps_per_second":8.58,"train/entropy":0.16923965834081173,"train_samples_per_second":6.247,"total_flos":9.856149559758029e+16,"train/loss":0.1692,"_wandb":{"runtime":1537},"eval/entropy":0.16503159448504448,"train_runtime":1536.7854}