{"train/entropy":0.16876745641231536,"_wandb":{"runtime":309},"train/num_tokens":459176,"_runtime":309,"train/mean_token_accuracy":0.9160301619768143,"train/grad_norm":0.2964388430118561,"_timestamp":1.7783978578280683e+09,"train/learning_rate":0.0005,"train/global_step":500,"train/loss":0.1682,"_step":4,"train/epoch":0.625}