{"train/mean_token_accuracy":0.9385015735030174,"train_runtime":620.2362,"eval/samples_per_second":14.365,"train_loss":0.1365714418888092,"train_steps_per_second":1.29,"eval/steps_per_second":7.183,"train_samples_per_second":5.159,"_timestamp":1.7784059261427662e+09,"eval/entropy":0.12340452574193478,"eval/mean_token_accuracy":0.9392053762078285,"train/num_tokens":1.033187e+06,"eval/loss":0.12228944152593613,"total_flos":4.738012442660045e+16,"eval/num_tokens":1.033187e+06,"_step":9,"train/entropy":0.1235706453025341,"_runtime":621,"train/learning_rate":0.0005,"train/global_step":800,"train/grad_norm":0.11874382942914963,"train/epoch":1,"eval/runtime":27.8453,"train/loss":0.1238,"_wandb":{"runtime":621}}