{"train_samples_per_second":1.649,"train/num_tokens":1.0038954e+07,"_wandb":{"runtime":5821},"train_steps_per_second":0.412,"train/entropy":0.03995198355056345,"eval/mean_token_accuracy":0.9800066113471985,"train/epoch":3,"_timestamp":1.7784052901833344e+09,"eval/samples_per_second":5.589,"train/mean_token_accuracy":0.9802057120203972,"eval/num_tokens":1.0038954e+07,"eval/steps_per_second":2.795,"train/global_step":2400,"eval/entropy":0.04126350833103061,"train/learning_rate":0.0005,"_step":27,"train/grad_norm":0.23396798968315125,"eval/runtime":71.5677,"eval/loss":0.04080955684185028,"train_loss":0.03998351335525513,"_runtime":5821,"train_runtime":5820.842,"train/loss":0.038,"total_flos":5.4370768023148954e+17}